Numero_Securite_Sociale,Nom,Prenom,Da_Naissance,Numero_Telephone,E_Mail,ID_Remboursement,Code_Soin,Mtant_Remboursement
1685342083336,Tybie,Ries,1984-04-29,10000000000,Tybie.Ries@mail.com,1,14,648.63
3451722770178,Rubie,Clarissa,1956-12-28,10000000000,Rubie.Clarissa@mail.com,2,1,755.87
4213675391275,Xylina,Marisa,2009-06-24,10000000000,Xylina.Marisa@mail.com,3,15,887.9
6960645985927,Letizia,Vins,1975-06-14,10000000000,Letizia.Vins@mail.com,4,9,939.12
2057917863819,Adore,Kendrick,1974-08-03,10000000000,Adore.Kendrick@mail.com,5,15,184.13
2504320111849,Nerta,Flyn,1926-05-31,10000000000,Nerta.Flyn@mail.com,6,1,813.9
6139960399075,Eve,Pearse,1956-08-30,10000000000,Eve.Pearse@mail.com,7,10,338.19
9425785334127,Gilda,Hanleigh,1916-10-28,10000000000,Gilda.Hanleigh@mail.com,8,10,835.38
9024432938712,Mariann,Andrel,1939-02-01,10000000000,Mariann.Andrel@mail.com,9,4,614.09
7072951908357,Beatriz,Leonard,1987-01-12,10000000000,Beatriz.Leonard@mail.com,10,11,83.6
2763114224245,Mureil,Hull,2004-03-20,10000000000,Mureil.Hull@mail.com,11,6,187.44
3201675656467,Jessy,Hailee,1921-03-16,10000000000,Jessy.Hailee@mail.com,12,5,600.87
4761620828200,Demetris,Mata,1984-10-20,10000000000,Demetris.Mata@mail.com,13,1,637.86
7080863997129,Aili,Lemuela,1933-08-15,10000000000,Aili.Lemuela@mail.com,14,10,898.88
6675761201580,Ezmeralda,LaRue,1934-02-23,10000000000,Ezmeralda.LaRue@mail.com,15,13,326.45
7678776869195,Correy,Carey,1921-12-13,10000000000,Correy.Carey@mail.com,16,9,580.16
7850125532978,Jsandye,Harriman,1911-08-08,10000000000,Jsandye.Harriman@mail.com,17,11,44.35
9976027759123,Ebonee,Bevin,1979-02-28,10000000000,Ebonee.Bevin@mail.com,18,12,724.13
7319317431553,Kara-Lynn,Argus,1940-09-27,10000000000,Kara-Lynn.Argus@mail.com,19,8,499.07
6179476922681,Cristabel,Bryna,1993-02-21,10000000000,Cristabel.Bryna@mail.com,20,4,721.99
1974520434725,Ann-Marie,Tannie,1946-10-21,10000000000,Ann-Marie.Tannie@mail.com,21,8,919.73
7113455773882,Meriel,Martguerita,1945-03-30,10000000000,Meriel.Martguerita@mail.com,22,4,26.9
8599085359551,Cathie,Fennessy,1983-11-29,10000000000,Cathie.Fennessy@mail.com,23,2,182.19
2250824651510,Adriana,Zina,2019-08-01,10000000000,Adriana.Zina@mail.com,24,10,784.17
8324199288077,Dione,Kylander,1986-04-10,10000000000,Dione.Kylander@mail.com,25,15,246.88
4461672544407,Rosabelle,Camden,2016-03-22,10000000000,Rosabelle.Camden@mail.com,26,1,981.52
7262223439168,Carilyn,Kellby,2015-06-14,10000000000,Carilyn.Kellby@mail.com,27,6,960.27
2920614670794,Elora,Maurine,1987-11-20,10000000000,Elora.Maurine@mail.com,28,3,976.33
1419319243757,Felice,Audly,2013-08-04,10000000000,Felice.Audly@mail.com,29,3,96.8
6500612739169,Hollie,Wilkinson,1924-11-01,10000000000,Hollie.Wilkinson@mail.com,30,6,704.22
1217534475136,Jany,Vivle,1927-06-03,10000000000,Jany.Vivle@mail.com,31,7,74.61
3346594110214,Kaja,Ahab,1952-02-06,10000000000,Kaja.Ahab@mail.com,32,10,297.06
1902969890757,Lisette,Dreda,1944-03-04,10000000000,Lisette.Dreda@mail.com,33,9,845.86
9320036031055,Gusty,Amasa,1946-02-26,10000000000,Gusty.Amasa@mail.com,34,14,971.54
4766463522122,Alia,Pitt,1975-11-11,10000000000,Alia.Pitt@mail.com,35,13,121.56
5243328414672,Abbie,Zuzana,1987-09-11,10000000000,Abbie.Zuzana@mail.com,36,7,980.3
3855861411813,Lesly,Tarrant,1918-11-03,10000000000,Lesly.Tarrant@mail.com,37,1,694.3
5899242769147,Ekaterina,Bates,1958-01-26,10000000000,Ekaterina.Bates@mail.com,38,12,224.54
7521590856474,Hallie,Talia,1920-03-21,10000000000,Hallie.Talia@mail.com,39,10,933.49
3616449020285,Larine,Elvyn,1979-03-18,10000000000,Larine.Elvyn@mail.com,40,13,221.99
4407905883560,Doralynne,Ferrell,1932-02-18,10000000000,Doralynne.Ferrell@mail.com,41,1,524.72
1009389398367,Joelly,Ciro,2002-08-16,10000000000,Joelly.Ciro@mail.com,42,2,472.1
9038493018349,Larine,Codding,1941-01-28,10000000000,Larine.Codding@mail.com,43,1,718.47
7501494409188,Elmira,Hathaway,1931-01-09,10000000000,Elmira.Hathaway@mail.com,44,5,31.16
4041972721224,Talya,Stephie,1910-07-26,10000000000,Talya.Stephie@mail.com,45,13,535.49
3126158571549,Ebonee,Erb,1956-06-09,10000000000,Ebonee.Erb@mail.com,46,9,140.71
8980718019915,Aigneis,Fredi,1973-02-24,10000000000,Aigneis.Fredi@mail.com,47,12,351.17
2338713811411,Jenilee,Lucienne,1962-01-31,10000000000,Jenilee.Lucienne@mail.com,48,1,253.89
1032480748711,Dolli,Stover,2018-10-04,10000000000,Dolli.Stover@mail.com,49,8,847.65
7497145061760,Gusella,Henebry,1928-08-31,10000000000,Gusella.Henebry@mail.com,50,6,482.99
6710438563347,Bibby,Fiester,1935-12-04,10000000000,Bibby.Fiester@mail.com,51,14,677.85
3667122185781,Celestyna,Guthrie,1917-06-29,10000000000,Celestyna.Guthrie@mail.com,52,12,629.57
9959316912733,Elie,Hanshaw,1970-02-14,10000000000,Elie.Hanshaw@mail.com,53,15,125.68
9261598592327,Siana,Schonfeld,1999-07-03,10000000000,Siana.Schonfeld@mail.com,54,15,103.71
3832927389884,Christal,Ellerey,1931-02-14,10000000000,Christal.Ellerey@mail.com,55,10,221.85
2608168346604,Josephine,Adrienne,1973-07-17,10000000000,Josephine.Adrienne@mail.com,56,1,387.61
2215169729263,Mary,Croix,1946-05-02,10000000000,Mary.Croix@mail.com,57,3,229.89
4370446980354,Clementine,Durante,1910-12-18,10000000000,Clementine.Durante@mail.com,58,3,283.73
4913066168018,Rosanne,Zaslow,1991-02-22,10000000000,Rosanne.Zaslow@mail.com,59,6,598.69
6794498274411,Candy,Woodberry,1921-10-26,10000000000,Candy.Woodberry@mail.com,60,5,710.96
3917463073236,Gisela,Gamaliel,1914-08-22,10000000000,Gisela.Gamaliel@mail.com,61,2,815.58
6655956329895,Oona,Hashim,1995-10-12,10000000000,Oona.Hashim@mail.com,62,15,86.95
7519169474754,Lauryn,Jeanne,1908-12-12,10000000000,Lauryn.Jeanne@mail.com,63,10,481.06
1994938345642,Beverley,Khorma,1975-01-22,10000000000,Beverley.Khorma@mail.com,64,13,813.63
7978573354981,Caryl,Romelda,1986-01-09,10000000000,Caryl.Romelda@mail.com,65,6,1.42
6164874352255,Heida,Alexandr,2015-01-01,10000000000,Heida.Alexandr@mail.com,66,8,784.49
2962186657480,Gretal,Aaberg,2009-03-29,10000000000,Gretal.Aaberg@mail.com,67,12,548.91
8661266098816,Linet,Drisko,1996-01-18,10000000000,Linet.Drisko@mail.com,68,10,535.84
3295724098757,Marguerite,Ammann,2009-07-14,10000000000,Marguerite.Ammann@mail.com,69,15,986.21
9129349472748,Margette,Atonsah,1974-03-23,10000000000,Margette.Atonsah@mail.com,70,1,897.67
9061543395937,Ketti,Alcott,1958-10-16,10000000000,Ketti.Alcott@mail.com,71,3,638.21
6809597309937,Wynne,Faso,2012-07-15,10000000000,Wynne.Faso@mail.com,72,1,883.22
5063769364499,Ronna,Tannie,1994-10-02,10000000000,Ronna.Tannie@mail.com,73,10,459.91
7525656113227,Laure,Izaak,1906-04-29,10000000000,Laure.Izaak@mail.com,74,8,419.15
2514835730559,Justinn,Tamsky,1956-07-22,10000000000,Justinn.Tamsky@mail.com,75,11,30.45
9285030726728,Mara,Dannye,1924-09-03,10000000000,Mara.Dannye@mail.com,76,12,610.08
6548911876743,Fanny,Nicoline,2000-07-04,10000000000,Fanny.Nicoline@mail.com,77,8,864.35
9242094329163,Allis,Kenwood,1948-05-31,10000000000,Allis.Kenwood@mail.com,78,7,570.28
7781767258885,Shannah,Sammons,1972-03-14,10000000000,Shannah.Sammons@mail.com,79,4,862.39
6509413410029,Gusty,McClimans,1960-07-22,10000000000,Gusty.McClimans@mail.com,80,3,569.99
4467869706955,Madeleine,Pulsifer,1997-11-12,10000000000,Madeleine.Pulsifer@mail.com,81,7,475.24
3675789279454,Bettine,Chaing,2010-02-05,10000000000,Bettine.Chaing@mail.com,82,7,193.55
7788117973302,Lanae,Egbert,2016-11-01,10000000000,Lanae.Egbert@mail.com,83,14,805.24
3641262780907,Catrina,Ovid,1969-09-04,10000000000,Catrina.Ovid@mail.com,84,6,144.14
5391077699996,Gwyneth,Amadas,2016-09-06,10000000000,Gwyneth.Amadas@mail.com,85,5,694.97
6845592681289,Chere,Bertold,1967-03-05,10000000000,Chere.Bertold@mail.com,86,6,853.65
9078483489994,Ericka,Dex,1908-08-27,10000000000,Ericka.Dex@mail.com,87,9,60.56
2236836990212,Gratia,Malina,2000-04-18,10000000000,Gratia.Malina@mail.com,88,4,530.86
4704901885033,Georgina,Atcliffe,1931-11-15,10000000000,Georgina.Atcliffe@mail.com,89,5,416.47
8417430062371,Gerianna,Libna,2008-09-25,10000000000,Gerianna.Libna@mail.com,90,14,720.77
3125357105500,Corry,Bahr,1961-06-14,10000000000,Corry.Bahr@mail.com,91,4,331.07
7097206939684,Jacquetta,Colp,1982-11-15,10000000000,Jacquetta.Colp@mail.com,92,8,591.3
3212514703434,Deedee,Reneta,1945-11-23,10000000000,Deedee.Reneta@mail.com,93,15,222.27
7652490345281,Larine,Morrill,1927-01-26,10000000000,Larine.Morrill@mail.com,94,8,135.19
5234741176456,Dotty,Rosalba,1981-03-24,10000000000,Dotty.Rosalba@mail.com,95,5,683.54
1154635767526,Lorenza,Arne,2004-04-21,10000000000,Lorenza.Arne@mail.com,96,14,271.76
3916218834459,Cristabel,Munn,1991-09-20,10000000000,Cristabel.Munn@mail.com,97,11,47.38
2326560086897,Tomasina,Stanwood,1963-07-11,10000000000,Tomasina.Stanwood@mail.com,98,5,773.92
5117740130190,Ebonee,Roche,1942-07-24,10000000000,Ebonee.Roche@mail.com,99,7,475.38
9449427132914,Hildegaard,Krystle,2001-08-30,10000000000,Hildegaard.Krystle@mail.com,100,14,287.64